month,pension,bank
0,0.0,88000.0
1,827.09,88000.0
2,1654.18,88000.0
3,2481.27,88000.0
4,3308.36,88000.0
5,4135.45,88000.0
6,4962.54,88000.0
7,5789.63,88000.0
8,6616.72,88000.0
9,7443.81,88000.0
10,8270.9,88000.0
11,9097.99,88000.0
12,9925.08,88000.0
13,10752.17,88000.0
14,11579.26,88000.0
15,12406.35,88000.0
16,13233.44,88000.0
17,14060.53,88000.0
18,14887.62,88000.0
19,15714.710000000001,88000.0
20,16541.8,88000.0
21,17368.89,88000.0
22,18195.98,88000.0
23,19023.07,88000.0
24,19850.16,88000.0
25,20677.25,88000.0
26,21504.34,88000.0
27,22331.43,88000.0
28,23158.52,88000.0
29,23985.61,88000.0
30,24812.7,88000.0
31,25639.79,88000.0
32,26466.88,88000.0
33,27293.97,88000.0
34,28121.06,88000.0
35,28948.15,88000.0
36,29775.24,94600.0
37,30602.33,94600.0
38,31429.420000000002,94600.0
39,32256.510000000002,94600.0
40,33083.6,94600.0
41,33910.69,94600.0
42,34737.78,94600.0
43,35564.87,94600.0
44,36391.96,94600.0
45,37219.05,94600.0
46,38046.14,94600.0
47,38873.23,94600.0
48,39700.32,94600.0
49,40527.41,94600.0
50,41354.5,94600.0
51,42181.590000000004,94600.0
52,43008.68,94600.0
53,43835.770000000004,94600.0
54,44662.86,94600.0
55,45489.950000000004,94600.0
56,46317.04,94600.0
57,47144.130000000005,94600.0
58,47971.22,94600.0
59,48798.310000000005,94600.0
60,49625.4,94600.0
61,50452.490000000005,94600.0
62,51279.58,94600.0
63,52106.670000000006,94600.0
64,52933.76,94600.0
65,53760.85,94600.0
66,54587.94,94600.0
67,55415.03,94600.0
68,56242.12,94600.0
69,57069.21,94600.0
70,57896.3,94600.0
71,58723.39,94600.0
72,59550.48,101695.0
73,60377.57,101695.0
74,61204.66,101695.0
75,62031.75,101695.0
76,62858.840000000004,101695.0
77,63685.93,101695.0
78,64513.020000000004,101695.0
79,65340.11,101695.0
80,66167.2,101695.0
81,66994.29000000001,101695.0
82,67821.38,101695.0
83,68648.47,101695.0
84,69475.56,101695.0
85,70302.65000000001,101695.0
86,71129.74,101695.0
87,71956.83,101695.0
88,72783.92,101695.0
89,73611.01000000001,101695.0
90,74438.1,101695.0
91,75265.19,101695.0
92,76092.28,101695.0
93,76919.37000000001,101695.0
94,77746.46,101695.0
95,78573.55,101695.0
96,79400.64,101695.0
97,80227.73,101695.0
98,81054.82,101695.0
99,81881.91,101695.0
100,82709.0,101695.0
101,83536.09,101695.0
102,84363.18000000001,101695.0
103,85190.27,101695.0
104,86017.36,101695.0
105,86844.45,101695.0
106,87671.54000000001,101695.0
107,88498.63,101695.0
108,89325.72,109322.125
109,90152.81,109322.125
110,90979.90000000001,109322.125
111,91806.99,109322.125
112,92634.08,109322.125
113,93461.17,109322.125
114,94288.26000000001,109322.125
115,95115.35,109322.125
116,95942.44,109322.125
117,96769.53,109322.125
118,97596.62000000001,109322.125
119,98423.71,109322.125
120,99250.8,109322.125
121,100077.89,109322.125
122,100904.98000000001,109322.125
123,101732.07,109322.125
124,102559.16,109322.125
125,103386.25,109322.125
126,104213.34000000001,109322.125
127,105040.43000000001,109322.125
128,105867.52,109322.125
129,106694.61,109322.125
130,107521.7,109322.125
131,108348.79000000001,109322.125
132,109175.88,109322.125
133,110002.97,109322.125
134,110830.06,109322.125
135,111657.15000000001,109322.125
136,112484.24,109322.125
137,113311.33,109322.125
138,114138.42,109322.125
139,114965.51000000001,109322.125
140,115792.6,109322.125
141,116619.69,109322.125
142,117446.78,109322.125
143,118273.87000000001,109322.125
144,119100.96,117521.28437499999
145,119928.05,117521.28437499999
146,120755.14,117521.28437499999
147,121582.23000000001,117521.28437499999
148,122409.32,117521.28437499999
149,123236.41,117521.28437499999
150,124063.5,117521.28437499999
151,124890.59000000001,117521.28437499999
152,125717.68000000001,117521.28437499999
153,126544.77,117521.28437499999
154,127371.86,117521.28437499999
155,128198.95000000001,117521.28437499999
156,129026.04000000001,117521.28437499999
157,129853.13,117521.28437499999
158,130680.22,117521.28437499999
159,131507.31,117521.28437499999
160,132334.4,117521.28437499999
161,133161.49,117521.28437499999
162,133988.58000000002,117521.28437499999
163,134815.67,117521.28437499999
164,135642.76,117521.28437499999
165,136469.85,117521.28437499999
166,137296.94,117521.28437499999
167,138124.03,117521.28437499999
168,138951.12,117521.28437499999
169,139778.21,117521.28437499999
170,140605.30000000002,117521.28437499999
171,141432.39,117521.28437499999
172,142259.48,117521.28437499999
173,143086.57,117521.28437499999
174,143913.66,117521.28437499999
175,144740.75,117521.28437499999
176,145567.84,117521.28437499999
177,146394.93,117521.28437499999
178,147222.02000000002,117521.28437499999
179,148049.11000000002,117521.28437499999
180,148876.2,126335.38070312499
181,149703.29,126335.38070312499
182,150530.38,126335.38070312499
183,151357.47,126335.38070312499
184,152184.56,126335.38070312499
185,153011.65,126335.38070312499
186,153838.74000000002,126335.38070312499
187,154665.83000000002,126335.38070312499
188,155492.92,126335.38070312499
189,156320.01,126335.38070312499
190,157147.1,126335.38070312499
191,157974.19,126335.38070312499
192,158801.28,126335.38070312499
193,159628.37,126335.38070312499
194,160455.46,126335.38070312499
195,161282.55000000002,126335.38070312499
196,162109.64,126335.38070312499
197,162936.73,126335.38070312499
198,163763.82,126335.38070312499
199,164590.91,126335.38070312499
200,165418.0,126335.38070312499
201,166245.09,126335.38070312499
202,167072.18,126335.38070312499
203,167899.27000000002,126335.38070312499
204,168726.36000000002,126335.38070312499
205,169553.45,126335.38070312499
206,170380.54,126335.38070312499
207,171207.63,126335.38070312499
208,172034.72,126335.38070312499
209,172861.81,126335.38070312499
210,173688.9,126335.38070312499
211,174515.99000000002,126335.38070312499
212,175343.08000000002,126335.38070312499
213,176170.17,126335.38070312499
214,176997.26,126335.38070312499
215,177824.35,126335.38070312499
216,178651.44,135810.53425585935
217,179478.53,135810.53425585935
218,180305.62,135810.53425585935
219,181132.71000000002,135810.53425585935
220,181959.80000000002,135810.53425585935
221,182786.89,135810.53425585935
222,183613.98,135810.53425585935
223,184441.07,135810.53425585935
224,185268.16,135810.53425585935
225,186095.25,135810.53425585935
226,186922.34,135810.53425585935
227,187749.43,135810.53425585935
228,188576.52000000002,135810.53425585935
229,189403.61000000002,135810.53425585935
230,190230.7,135810.53425585935
231,191057.79,135810.53425585935
232,191884.88,135810.53425585935
233,192711.97,135810.53425585935
234,193539.06,135810.53425585935
235,194366.15,135810.53425585935
236,195193.24000000002,135810.53425585935
237,196020.33000000002,135810.53425585935
238,196847.42,135810.53425585935
239,197674.51,135810.53425585935
240,198501.6,135810.53425585935
241,199328.69,135810.53425585935
242,200155.78,135810.53425585935
243,200982.87,135810.53425585935
244,201809.96000000002,135810.53425585935
245,202637.05000000002,135810.53425585935
246,203464.14,135810.53425585935
247,204291.23,135810.53425585935
248,205118.32,135810.53425585935
249,205945.41,135810.53425585935
250,206772.5,135810.53425585935
251,207599.59,135810.53425585935
252,208426.68000000002,145996.3243250488
253,209253.77000000002,145996.3243250488
254,210080.86000000002,145996.3243250488
255,210907.95,145996.3243250488
256,211735.04,145996.3243250488
257,212562.13,145996.3243250488
258,213389.22,145996.3243250488
259,214216.31,145996.3243250488
260,215043.4,145996.3243250488
261,215870.49000000002,145996.3243250488
262,216697.58000000002,145996.3243250488
263,217524.67,145996.3243250488
264,218351.76,145996.3243250488
265,219178.85,145996.3243250488
266,220005.94,145996.3243250488
267,220833.03,145996.3243250488
268,221660.12,145996.3243250488
269,222487.21000000002,145996.3243250488
270,223314.30000000002,145996.3243250488
271,224141.39,145996.3243250488
272,224968.48,145996.3243250488
273,225795.57,145996.3243250488
274,226622.66,145996.3243250488
275,227449.75,145996.3243250488
276,228276.84,145996.3243250488
277,229103.93000000002,145996.3243250488
278,229931.02000000002,145996.3243250488
279,230758.11000000002,145996.3243250488
280,231585.2,145996.3243250488
281,232412.29,145996.3243250488
282,233239.38,145996.3243250488
283,234066.47,145996.3243250488
284,234893.56,145996.3243250488
285,235720.65000000002,145996.3243250488
286,236547.74000000002,145996.3243250488
287,237374.83000000002,145996.3243250488
288,238201.92,156946.04864942745
289,239029.01,156946.04864942745
290,239856.1,156946.04864942745
291,240683.19,156946.04864942745
292,241510.28,156946.04864942745
293,242337.37,156946.04864942745
294,243164.46000000002,156946.04864942745
295,243991.55000000002,156946.04864942745
296,244818.64,156946.04864942745
297,245645.73,156946.04864942745
298,246472.82,156946.04864942745
299,247299.91,156946.04864942745
300,248127.0,156946.04864942745
301,248954.09,156946.04864942745
302,249781.18000000002,156946.04864942745
303,250608.27000000002,156946.04864942745
304,251435.36000000002,156946.04864942745
305,252262.45,156946.04864942745
306,253089.54,156946.04864942745
307,253916.63,156946.04864942745
308,254743.72,156946.04864942745
309,255570.81,156946.04864942745
310,256397.90000000002,156946.04864942745
311,257224.99000000002,156946.04864942745
312,258052.08000000002,156946.04864942745
313,258879.17,156946.04864942745
314,259706.26,156946.04864942745
315,260533.35,156946.04864942745
316,261360.44,156946.04864942745
317,262187.53,156946.04864942745
318,263014.62,156946.04864942745
319,263841.71,156946.04864942745
320,264668.8,156946.04864942745
321,265495.89,156946.04864942745
322,266322.98,156946.04864942745
323,267150.07,156946.04864942745
324,267977.16000000003,168717.0022981345
325,268804.25,168717.0022981345
326,269631.34,168717.0022981345
327,270458.43,168717.0022981345
328,271285.52,168717.0022981345
329,272112.61,168717.0022981345
330,272939.7,168717.0022981345
331,273766.79000000004,168717.0022981345
332,274593.88,168717.0022981345
333,275420.97000000003,168717.0022981345
334,276248.06,168717.0022981345
335,277075.15,168717.0022981345
336,277902.24,168717.0022981345
337,278729.33,168717.0022981345
338,279556.42,168717.0022981345
339,280383.51,168717.0022981345
340,281210.60000000003,168717.0022981345
341,282037.69,168717.0022981345
342,282864.78,168717.0022981345
343,283691.87,168717.0022981345
344,284518.96,168717.0022981345
345,285346.05,168717.0022981345
346,286173.14,168717.0022981345
347,287000.23000000004,168717.0022981345
348,287827.32,168717.0022981345
349,288654.41000000003,168717.0022981345
350,289481.5,168717.0022981345
351,290308.59,168717.0022981345
352,291135.68,168717.0022981345
353,291962.77,168717.0022981345
354,292789.86,168717.0022981345
355,293616.95,168717.0022981345
356,294444.04000000004,168717.0022981345
357,295271.13,168717.0022981345
358,296098.22000000003,168717.0022981345
359,296925.31,168717.0022981345
360,297752.4,181370.77747049456
